filename,length,chroma_stft_mean,chroma_stft_var,rms_mean,rms_var,spectral_centroid_mean,spectral_centroid_var,spectral_bandwidth_mean,spectral_bandwidth_var,rolloff_mean,rolloff_var,zero_crossing_rate_mean,zero_crossing_rate_var,harmony_mean,harmony_var,perceptr_mean,perceptr_var,tempo,mfcc1_mean,mfcc1_var,mfcc2_mean,mfcc2_var,mfcc3_mean,mfcc3_var,mfcc4_mean,mfcc4_var,mfcc5_mean,mfcc5_var,mfcc6_mean,mfcc6_var,mfcc7_mean,mfcc7_var,mfcc8_mean,mfcc8_var,mfcc9_mean,mfcc9_var,mfcc10_mean,mfcc10_var,mfcc11_mean,mfcc11_var,mfcc12_mean,mfcc12_var,mfcc13_mean,mfcc13_var,mfcc14_mean,mfcc14_var,mfcc15_mean,mfcc15_var,mfcc16_mean,mfcc16_var,mfcc17_mean,mfcc17_var,mfcc18_mean,mfcc18_var,mfcc19_mean,mfcc19_var,mfcc20_mean,mfcc20_var
Autumn Leaves.m4a,14542848,0.280566931,0.093533933,0.135407314,0.004389541,2470.41225,915227.7381,2764.827872,347693.5044,5787.924109,4606666.414,0.096187848,0.006111527,-3.9e-07,0.01734253,-1.55e-05,0.00188124,112.3471467,-178.271286,5316.777344,76.93609619,1455.596802,46.02441025,766.6654053,31.85724258,470.9447937,7.120412827,130.5240173,13.04258537,95.09901428,-9.526000977,105.3101578,7.330825806,107.5595856,-13.48236847,75.58731079,5.072021484,81.65270996,-7.85865736,77.03426361,4.592615128,110.6645126,-2.392780304,159.4120941,7.62306881,104.5922928,-9.054673195,111.0231857,3.555069447,106.1075134,-5.732812881,115.6095734,3.145483255,92.86962128,-8.182543755,97.23787689,0.870872498,126.2591324
"AVE MARIA SCHUBERT (Arr. for SATB Choir, String Quartet and Harp).m4a",4999680,0.280961215,0.085529238,0.173403859,0.002606398,978.7778091,38340.01783,1025.600623,53238.44991,1809.214611,305934.3653,0.059051382,0.000440862,-0.013311517,0.027879396,-0.000803416,0.000739009,161.4990234,-173.1039276,4596.858398,184.049118,756.140686,-39.17726898,617.4316406,32.37155533,265.6358643,-8.85080719,138.4177704,-14.41465092,83.21162415,-3.246522903,102.5215378,-15.51452923,63.38388443,-13.05160236,56.10990143,-14.54279041,57.91747665,-6.449361801,87.50708008,-3.92031312,92.79821014,-3.971357107,91.58924866,0.401712507,80.0397644,0.866097748,83.15657043,-4.037644863,92.2516098,-3.768775702,76.25416565,-3.488297224,87.31206512,-8.147382736,75.484375,-3.280035257,62.13579559
Baby O'riley.m4a,7177728,0.341203183,0.091689885,0.08945635,0.002453427,2185.141864,1041769.067,2113.302381,528442.9244,4394.150365,4088727.108,0.110900513,0.005381031,4.06e-07,0.007147582,-1.49e-06,0.001282286,117.4538352,-170.8079834,15346.10645,82.80857086,1528.771851,-13.15073109,487.6900635,35.26831436,340.1643372,3.583263397,143.3466187,7.109825134,124.8794785,-8.982578278,90.46392059,9.610737801,139.1668091,-2.10611248,63.56653976,7.331122398,74.87551117,-6.379837513,51.58869171,1.420332789,76.21269989,-8.871750832,74.03560638,0.240947425,62.83101273,-8.936871529,51.61170578,-2.657534361,78.17043304,-7.775678635,56.72900772,1.566440344,52.60935593,-6.636359692,76.71017456,1.72781682,70.87975311
Baby One More Time.m4a,4639232,0.378464401,0.088677734,0.192500845,0.008379349,2601.546962,831993.6367,2498.197642,175628.1218,5369.916786,2708738.793,0.133547454,0.007277379,1.57e-06,0.018989805,4.47e-05,0.013714707,92.28515625,-57.3466301,8862.072266,83.8425827,1072.09436,-7.773190975,537.2903442,17.76085663,336.6822205,-7.716403961,202.2643433,10.9469347,229.432373,-7.222306252,140.919754,2.408668756,144.1701965,-6.55926609,129.7502899,6.013715267,100.2323303,-12.09861374,87.16359711,5.783195972,66.12724304,-6.979835033,63.24639893,2.734489202,55.44852448,-7.204907894,54.53546906,1.658251047,46.09874344,-6.365225792,57.15016174,5.833874226,59.91847229,-3.94314003,64.04676056,5.222793102,61.53421021
Bad.m4a,5430272,0.473042607,0.081354707,0.221755594,0.006348471,2765.480264,379167.7811,2701.873546,116295.5431,6017.169096,1462871.337,0.120875135,0.002987409,3.39e-06,0.02096655,3.86e-05,0.017902181,112.3471467,-26.81819534,5175.520508,75.30993652,477.7990112,-0.164172053,635.5994873,30.31396675,164.0387573,2.028287172,154.4926758,14.79451847,106.9068756,-0.487385929,89.60827637,17.75860786,69.34674835,-2.791560173,65.29634094,12.76461887,54.27222443,-6.400763512,52.57829285,8.675298691,37.65956116,-1.779148698,44.4058342,9.500106812,46.74219131,-1.450423956,45.3975029,11.28689957,52.04105759,-1.421040297,55.37905502,8.242483139,35.65032196,-4.841419697,32.97984314,5.495111942,32.12624359
Bam Bam.m4a,4333056,0.316734552,0.095620058,0.196712047,0.009834104,1611.655506,463172.3525,1695.500698,302891.8163,3095.644726,2487576.309,0.08192689,0.002040202,4.04e-06,0.029540474,4.5e-05,0.009765031,83.35433468,-137.3495941,7990.708008,130.443512,1408.34668,-36.87282944,1125.169434,17.94810677,404.7830505,1.698991895,286.3345947,-0.595570982,205.415863,13.26256561,218.3761139,3.590181828,104.1508026,-8.916008949,115.0373459,11.47925663,103.9628372,-7.852566719,71.3627243,2.600652456,57.13978577,0.162128001,76.73207092,-4.70654726,94.23023987,-5.749797821,59.98995972,0.411892205,93.1721344,-8.226250648,147.1033936,0.713452995,170.1041565,-3.029833794,173.9491272,2.618889809,140.6242981
Beat It.m4a,5698048,0.401588708,0.086840928,0.134708285,0.004519942,2737.971575,608427.0632,2700.692692,131745.1093,6021.647074,1837402.101,0.12890217,0.004587427,1.23e-05,0.009751404,-8.59e-06,0.006803749,135.9991776,-98.13754272,11810.8877,78.01016235,769.3120117,3.521666527,427.1883545,24.83027077,224.3567657,0.319512427,115.9537811,13.14981461,92.13158417,-4.946069241,72.67489624,10.69185448,64.88922119,-5.563280106,69.63484192,5.81182909,62.58358002,-7.42318821,62.60398865,4.353182793,54.96960831,-8.491734505,52.86548615,4.827745438,52.18419647,-5.350589275,57.26882935,5.562753201,55.54314804,-5.239880562,57.67248917,2.593732834,44.13162994,-5.704747677,48.37597656,1.078968167,60.53154755
Before You Go.m4a,2826752,0.340808153,0.087041229,0.228920251,0.010757033,1971.390343,419325.3817,1913.234745,231214.5859,3698.031272,2017210.225,0.114156036,0.002387513,-2.8e-05,0.040574048,-0.000121705,0.009197431,83.35433468,-76.11870575,7507.91748,112.0548859,1256.648682,-35.91400909,713.3191528,15.87050915,268.0475769,-3.057008505,301.0343323,3.623274565,217.3296814,-10.26778221,131.5336609,5.624797344,100.3473816,-8.473031044,210.4173279,9.895793915,109.2751389,-7.326227665,87.10821533,2.972338676,95.1526947,1.953323483,85.32836914,-1.114205599,84.59007263,-7.326142788,92.63551331,5.593056202,59.18429565,-8.674037933,110.5793381,2.735388994,87.73155975,-2.587930679,79.35364532,-0.57913816,72.32010651
Billy Jean.m4a,6126080,0.515995622,0.077154703,0.068036497,0.002070098,2964.77357,1423361.003,2670.816869,394350.1811,6009.201498,4595956.291,0.154057631,0.007911159,-9.34e-07,0.001169683,-5.88e-06,0.003637814,117.4538352,-197.6382294,15855.65723,63.5271225,1479.037231,15.35473824,1162.075195,37.65333176,344.0597229,7.071431637,296.5961609,23.10444641,164.545166,0.603972673,149.4338989,18.63271904,123.2426758,-2.737822294,92.82105255,12.42717171,67.76733398,-7.137001514,70.11437988,2.138786316,48.88027573,-5.171006203,48.341362,4.240727425,39.3344841,-6.894581318,40.86361694,2.434463263,45.21659851,-6.65367651,35.05015182,2.222728491,38.85270309,-6.553332806,36.77521133,3.523799419,47.12395477
Bodak Yellow.m4a,4938752,0.382891685,0.09901648,0.22260794,0.016985113,3173.928776,1246944.504,2736.855671,266691.5358,6366.304785,3546615.576,0.139770622,0.009948683,-5.65e-06,0.040532377,6.99e-05,0.01517566,123.046875,-93.78131104,8199.191406,49.71549988,1288.309326,-10.32071114,1157.826294,9.03433609,561.3548584,-3.029910088,521.5273438,6.056954861,440.8757019,-11.91903496,381.1877136,-1.601181865,314.7937927,-6.943946362,204.9253387,2.552749157,198.2180023,-7.782260895,153.38974,8.524637222,152.5224304,-10.09901524,137.1743927,5.610592842,123.672966,-9.314909935,123.7920837,3.276439905,97.55202484,-5.094637871,92.61140442,0.726676583,120.6903305,-10.06760216,132.2561035,9.963999748,164.2125397
Body And Soul.m4a,4041216,0.250410914,0.102588102,0.063158333,0.001319498,903.7284892,86397.82165,1180.305418,73204.69849,1765.812673,707624.6173,0.033272835,0.000308182,-0.000225082,0.004044157,-0.000386555,0.00040341,95.703125,-315.8490601,5344.378418,149.3929901,998.7785645,-11.12315559,869.0303955,43.66609955,248.5792694,-0.692571282,165.598053,-0.243656889,53.76460648,13.00527287,77.97672272,-14.20286274,85.91135406,-6.277083397,48.9148941,-9.840777397,57.92089462,-8.375771523,40.27285767,-3.587492466,36.50856781,-4.176137447,27.99083519,-1.987740517,32.35246658,-6.943279743,48.3438797,-4.112073421,42.26835632,-3.565801144,44.54990768,-6.335263729,41.99703979,-6.763501167,57.13303757,-8.909314156,77.44774628
Bohemian Rhapsody (Remastered 2011).m4a,7826944,0.343808472,0.08955352,0.121443391,0.006574398,2153.120881,659491.0907,2158.19991,228873.8526,4291.586538,2444350.984,0.107880581,0.004474364,-3.65e-07,0.012316875,6.36e-07,0.003578869,143.5546875,-152.3611908,15819.36133,93.55918121,1181.265381,-12.81476116,589.1138306,30.96173286,469.7286682,-2.910196781,269.1130981,2.960176706,346.8242798,0.333515972,191.7504425,4.189469814,152.7605896,-9.322861671,182.500473,8.766132355,181.4450531,-8.47490406,150.2830048,5.34771347,107.9459381,-7.761859417,89.67649841,-2.88095665,101.2384644,-6.559741974,72.60244751,-0.602448046,77.57995605,-6.884117603,86.11708832,5.43717289,90.63598633,-3.757484436,85.34239197,1.172693133,83.64440918
Born Under A Bad Sign.m4a,3674112,0.393626124,0.088447914,0.135926872,0.002745654,1755.740878,319540.9647,1937.115501,124250.132,3456.689664,1338808.648,0.088832354,0.003019602,-3.24e-07,0.010974578,-6.06e-05,0.003964564,92.28515625,-124.6848984,8030.898926,121.3655243,837.3023071,-20.48908043,297.8692932,39.56653976,231.7331696,5.457622528,158.2167053,8.122561455,109.2162094,-7.886423588,60.08203888,8.552560806,76.65758514,-4.316721916,60.88492584,3.967329979,64.69034576,-5.771326065,62.07891464,8.086382866,56.82601547,-6.868812561,43.98712921,4.308489323,39.8415451,-5.02167511,38.81004333,2.306322336,32.56295013,-5.753371239,39.68379974,2.821602345,42.47730637,-3.958120108,34.10145569,0.68132019,43.31615829
California Love (Original Version).m4a,6282240,0.423538148,0.085948996,0.233886138,0.008255642,3026.384086,379561.5888,2732.235782,86571.2421,6357.447027,1036987.509,0.152066443,0.004181613,0.000137075,0.027847048,-0.000226945,0.017668108,184.5703125,-30.81751442,6860.554688,55.51580811,556.8547363,-9.396123886,559.8121338,29.22818756,366.8373413,4.165219307,316.5013733,12.01871777,217.0644226,-6.422893524,184.1529999,11.42325401,176.1435852,-5.434045315,138.9485626,12.65639305,115.8939133,-4.038883686,127.8465729,5.104619026,96.63152313,-7.837599754,88.4861145,6.819294453,73.76145172,-6.385767937,69.03185272,9.576944351,69.11473083,-3.160461426,67.4032135,6.407150269,66.0085144,-5.588111877,58.94146347,5.139397621,58.20112991
Call Me Maybe.m4a,4275712,0.395135522,0.091036662,0.209851474,0.013478908,2617.386608,1185657.079,2506.65964,364116.3881,5416.325063,4533830.933,0.114258222,0.006257815,5.14e-06,0.026139483,-0.000150869,0.015821148,117.4538352,-89.16952515,12992.20703,71.53048706,1406.975098,-3.360055208,906.4910278,28.10132408,324.8492126,1.805014729,172.8747406,9.140960693,236.4497681,-1.702951789,194.0563965,7.886853218,207.9387817,-1.913695097,110.2225342,6.027301788,126.6995621,-8.387979507,97.26753235,4.76813364,135.9351501,-6.761196136,88.65318298,4.321428776,108.6181259,-4.204319954,131.4346161,9.977066994,116.9901276,-2.104346275,97.79037476,8.08732605,84.75161743,-1.57985568,102.4051056,8.126935959,75.64058685
Catfish Blues.m4a,3869184,0.344275832,0.097109169,0.12378259,0.004247048,1139.158483,158514.3947,1385.36337,98064.93033,2021.37175,891004.5467,0.05499954,0.000649749,0.000835355,0.009479012,0.001293583,0.00451287,184.5703125,-188.3564453,6610.067383,160.4264679,1309.742554,-18.83478546,485.1106567,17.54569817,257.2290344,-10.76125431,208.6600952,6.447362423,152.5880432,1.367284656,161.2093964,-2.894238234,65.24022675,-6.119684696,89.59143829,1.431375742,77.96060181,-4.613829136,91.51581573,-3.904062271,69.477005,-11.09661579,78.40870667,-2.87372756,63.9410553,-6.862029076,46.72879028,-9.638949394,53.50686264,-9.059311867,64.61507416,-2.083616734,69.55233002,-4.245173931,66.98965454,-2.555242062,56.3362999
Chattahoochee.m4a,3257344,0.373672187,0.085022494,0.20759441,0.005860691,2175.323004,520526.3264,2206.107844,202630.9126,4346.519183,2224833.373,0.104535084,0.002275848,-1.73e-06,0.023198962,-0.000202466,0.011365067,86.1328125,-60.15487671,9285.768555,95.90436554,823.6172485,-15.6250515,524.4186401,41.64742279,335.4480591,3.383477688,219.9769745,5.192625999,145.9063873,-2.721221924,109.2636948,8.13083744,106.6089859,-8.818912506,102.1133118,2.712849855,121.6968994,-8.125610352,73.99544525,0.365029395,74.53742981,-4.99106741,70.87786865,1.80251646,60.71053314,-9.273308754,43.6335907,5.199904442,40.80433655,-9.472106934,55.86097717,1.687650084,42.95344543,-7.124342442,50.23432159,-0.687450826,56.59341049
Check Yes Or No.m4a,4412416,0.392733455,0.08993578,0.068994276,0.001078492,1654.29337,254532.0282,2075.670239,196052.0807,3543.446095,1597831.203,0.073605325,0.001146607,8.23e-05,0.003676455,0.000472318,0.000962162,112.3471467,-212.5111389,12727.44824,110.5973663,1128.924072,-7.986090183,280.9762878,34.87849808,245.5976563,11.32236099,137.4111481,14.27112865,72.94127655,-1.939053893,97.74339294,4.96118927,67.10378265,-1.67428565,63.79750443,4.294642448,51.94850922,-3.643446445,55.98173523,5.855303288,54.89873505,-3.047298193,51.01930237,5.591915607,54.82508087,-5.128310204,50.86301422,-0.25168401,56.61508179,-9.55309391,62.62817764,2.243011236,50.2586937,-10.23760414,57.10575485,1.593574286,71.3850708
Comfortably Numb.m4a,8430080,0.361019999,0.084314264,0.134216949,0.002924111,1791.824666,390029.7913,2244.445725,198525.8517,3890.821997,2372886.689,0.069018492,0.001367688,-1.2e-07,0.014712779,-1.46e-05,0.002308806,129.1992188,-129.1131744,6260.825195,118.1886063,883.4284668,7.374875546,282.1420288,30.10178375,216.7633972,1.51314044,163.6198273,6.763266087,91.07246399,-1.611028075,60.86672974,6.341407299,51.81406403,-4.943252087,49.95883179,7.878246307,53.52131271,-7.364140511,44.07569122,4.519516945,45.46599197,-7.80926466,44.79234695,2.832973242,48.13694763,-5.386717319,47.94229889,3.986290932,42.08464813,-7.421281338,44.74896622,6.070640087,38.56391144,-6.455824375,45.47621155,0.453720599,48.05705643
Dear Mama.m4a,6175744,0.427026361,0.091694288,0.219864309,0.007749479,2263.63625,796799.2665,2550.449027,157873.8204,5118.650164,2549920.074,0.080429754,0.003661301,-0.000554466,0.030585017,0.000555189,0.012163864,83.35433468,-95.2243042,7039.793945,83.87883759,1031.059082,21.47016525,581.1726074,41.48854065,324.5806885,3.919639111,285.5119324,20.91832542,184.8838654,-3.576245546,137.7750244,9.04128933,156.6164246,-2.824339867,105.5338821,8.038748741,89.65124512,-9.122920036,98.5687027,2.581969023,83.63419342,-2.73093009,105.4308014,7.626531124,82.26737976,-5.735526562,70.49742126,7.212295532,65.14985657,-4.564036846,60.24198914,4.278591633,67.66120911,-4.349320412,58.46743011,7.432140827,65.16057587
Debussy - Clair De Lune.m4a,5362176,0.225129023,0.083858848,0.036995906,0.001414135,661.8046439,28468.10418,787.4328781,68093.51239,928.2580653,127207.9285,0.048962246,0.000280018,-0.001038845,0.002417061,-0.000167247,6.38e-05,161.4990234,-393.4081421,6673.047363,157.7329865,1959.383667,33.15756226,1128.773804,-1.186416984,329.7799988,-5.213120937,136.0981445,-10.34499454,113.7423401,-11.34851742,82.8032074,-10.2012167,71.37667847,-9.390839577,74.54974365,-9.388394356,92.45756531,-7.131839752,93.12660217,-4.323993683,106.7304153,-4.198822975,100.8550568,-4.821436882,76.68939972,-3.905326605,70.43997955,-2.480277777,60.6639595,-1.39329946,56.79034805,-0.948966622,71.21712494,-0.228918985,90.28786469,0.53732866,87.5369873
Enter Sandman.m4a,7305216,0.474587709,0.077309087,0.145393237,0.002625921,2735.681938,660232.1828,2591.210433,182866.182,5739.29206,2356021.611,0.12693581,0.004317142,-1.02e-08,0.013026984,2.39e-06,0.003725636,123.046875,-81.03774261,9994.650391,69.40690613,803.8775024,-4.877851486,333.3832703,45.8823204,232.0274353,9.202672958,120.1572571,19.54757118,141.0514984,4.439819336,93.39318848,12.74327183,58.80339432,-2.487657547,58.44990158,9.735685349,49.32903671,-5.227282047,42.11563492,10.24945259,61.73832703,-3.249577045,36.61075974,3.482228756,49.04948044,-5.679991722,34.43320465,6.120229721,34.22809982,-4.956132412,36.08880615,6.899229527,35.61477661,-2.209122181,35.54135895,4.212273598,40.41340637
Evil (Is Going On).m4a,3819008,0.318267018,0.089311972,0.151024804,0.006160153,1836.429232,487585.8515,1971.799112,203001.1136,3623.639751,2175544.328,0.09016506,0.002553861,4.46e-06,0.014563001,8.13e-05,0.007735947,103.359375,-124.4443054,6630.751953,111.6502686,1125.06958,-17.34793854,618.9143066,20.40273666,264.7824707,-3.147373676,275.4278564,6.316215038,157.7281494,-5.816224575,181.774704,8.167545319,122.3009644,-2.122785807,112.853508,1.231433511,120.4940338,1.424438238,97.09979248,7.765192509,82.21199799,-4.118920803,106.6002655,4.12823534,95.289711,-3.738025665,79.42802429,1.598996639,55.51921082,-3.036209822,63.06029892,4.235479355,78.68673706,0.654392719,75.79331207,3.974855423,82.44785309
Fight The Power.m4a,6232576,0.518678963,0.078838781,0.114981562,0.002467643,2666.206845,380721.5219,2450.17098,83747.24702,5482.607513,983989.7875,0.113470923,0.004873675,-8.8e-05,0.008337417,-0.000884448,0.003314445,107.6660156,-123.9169769,3916.787354,62.94765472,560.0518188,-15.75477695,481.73526,49.73838806,359.146637,1.74465692,267.6677551,22.45472717,155.7241516,-4.779950142,173.4093933,18.30510139,98.45940399,-2.147106171,101.0923309,14.49659729,80.38518524,-2.190955639,68.05058289,11.37594509,64.93486786,-1.6525383,67.65436554,8.123627663,53.72361755,-4.893051624,47.8237114,6.361115456,59.68045044,-4.165999413,65.30643463,4.718616009,70.60730743,-7.412926197,75.89144135,1.05451715,63.56678009
Fly Me To The Moon.m4a,3420672,0.343457073,0.094176091,0.166798994,0.003916046,1593.506459,233958.4609,1467.047191,84927.11784,3107.042701,730800.8362,0.093976822,0.002360255,0.000927561,0.017790681,0.00146106,0.005627747,117.4538352,-113.458252,7647.640625,144.0360413,1012.42395,-61.82741928,643.8458252,47.70201492,249.0948181,-26.99523163,251.3293762,15.16368103,142.1823425,-10.55437851,126.3136215,-0.533486903,83.45476532,-4.00722599,89.92694855,-5.790927887,79.90206146,-1.771356106,65.93463898,-4.090019226,53.8000679,-3.027490139,59.52295685,-3.728707552,49.75087738,-5.325614929,45.0512886,-5.390827179,38.00076294,-3.173850298,50.46668243,-8.159874916,51.63521576,-3.556299925,41.22264099,-3.996438026,48.33860397
Funk #49.m4a,5151744,0.432767779,0.08682657,0.098501526,0.00178836,2514.616628,750094.0003,2295.349257,298115.6541,5045.076708,2792516.596,0.131897415,0.005725227,-0.000212756,0.005773942,-0.000728328,0.002514185,184.5703125,-126.8998337,10225.50488,82.33533478,1258.738525,-20.13803864,840.234436,39.98496628,195.8531952,1.333771586,127.2546692,15.15387249,94.82291412,-1.239528656,88.39944458,13.19530392,61.20452881,-7.277186394,51.34781647,8.035445213,46.46837234,-6.75496006,51.02840424,0.227386162,47.13513184,-8.001935005,39.302845,1.873368502,36.26726151,-9.230421066,46.22246933,1.822188973,36.03092957,-9.26749897,34.88033676,1.524142265,36.05953217,-6.531847954,41.62862778,-0.012911844,37.3392334
Fur Elise - Beethoven.m4a,4515328,0.206289589,0.084996082,0.114332192,0.003295213,662.2555505,49617.97783,639.875113,61579.77892,1163.791504,295425.7441,0.042408777,0.000212309,7.7e-05,0.015226593,-7.67e-05,0.000202335,129.1992188,-293.8042908,4297.691895,195.3453827,1419.502563,-3.67046237,332.5711975,-3.996549129,121.5997849,16.78709221,220.1099243,-3.204856396,117.6431046,-2.653766632,81.56188965,-3.671258926,53.78585815,-11.18857765,45.83478165,-5.491526604,66.56620789,2.041884422,200.1431427,3.731557846,216.8845978,2.328886509,149.9364014,-2.067781448,106.007225,-6.774599552,124.5466537,-7.06592226,108.3103638,-4.502758503,83.83561707,-2.601151705,89.65752411,-5.157191753,83.99433899,-8.890129089,102.105545
Georgia On My Mind.m4a,3981312,0.251214504,0.090779133,0.117723122,0.006390475,892.6835763,163008.4197,963.9883056,138336.5983,1616.021624,943816.8956,0.052400546,0.000819552,4.99e-08,0.015175862,1.09e-06,0.00190384,89.10290948,-248.1448212,5603.200684,158.7316742,1294.482422,-0.964353263,1140.569946,18.6273613,419.0359497,4.28047514,245.3119507,-8.746151924,262.74646,-0.579661548,185.4532623,-5.580841541,85.94767761,-9.18885994,157.8132324,-2.897936821,103.9781723,-7.856889248,115.5371323,-7.040874958,140.5036316,-3.308063507,81.01573181,-5.462487698,86.84469604,-0.485191733,107.7281647,1.173971057,142.6566315,-3.656623602,134.64505,-1.642035365,111.7003021,-2.580276966,161.2436981,-3.732545137,156.0497589
Get Down Tonight (Original Long Version).m4a,7034880,0.401735216,0.080754153,0.136078253,0.003867591,2864.004472,380330.0488,2672.948378,103967.8655,6148.775516,1159179.674,0.149308951,0.003354761,-3.82e-07,0.008941075,-3.15e-05,0.007007839,112.3471467,-72.30010223,6980.658691,71.8935318,394.5353699,-5.969291687,368.3511047,22.28506088,128.3082886,-9.69011879,115.5765533,9.867001534,96.07234192,-9.489703178,83.17028046,10.12654686,67.11964417,-5.504728794,83.01524353,11.09794521,65.11341095,-5.760830879,52.45883179,10.39798641,48.33481598,-6.892390728,37.20033646,4.280164719,35.02835464,-11.8411026,35.41056442,0.574757695,34.36819839,-10.96248341,31.72400093,1.002689242,37.82185745,-9.537114143,36.36220551,5.31780529,44.76702499
Going Back to My Roots.m4a,5204992,0.391302735,0.086755194,0.084392555,0.00192948,2258.618122,650924.744,2413.084243,277443.7358,4941.351219,3200461.153,0.099291154,0.002998385,1.83e-05,0.003524252,0.000174467,0.003202787,107.6660156,-164.154892,9410.766602,95.13400269,974.5128174,-6.063818455,560.7123413,24.56118584,255.0258636,5.062056065,200.2854919,16.51048088,127.0836182,-6.244636536,119.6284332,7.61726284,90.42267609,-8.097779274,96.75993347,9.948778152,69.84996033,-5.179122925,61.66671753,6.798604488,70.98365021,-4.553323269,68.51068115,5.988271713,64.06769562,-6.74142313,51.65774155,2.708663702,53.38233948,-9.21876049,44.97559357,1.16466105,59.1945076,-6.829778671,66.36225128,3.997438192,59.22851944
Hallowed Be Thy Name (1998 Remaster).m4a,9532928,0.403793633,0.080678716,0.244106323,0.002552842,2327.918469,452109.242,2292.497005,171643.0415,4814.037251,2057818.625,0.107965802,0.002010096,6.38e-08,0.037158113,7.24e-06,0.008264536,107.6660156,-22.82945251,4349.267578,91.69070435,914.3584595,-17.65954018,357.2635498,40.64700699,255.345871,-2.825348616,94.96841431,20.51031494,56.19005203,-2.198103666,67.23057556,9.983828545,46.43552399,-7.402575493,48.57545471,4.569836617,58.75559998,-6.161550045,50.95989227,2.8712852,48.47015762,-10.08297253,40.47860718,1.195259213,46.67362976,-10.79910374,46.69036102,2.374674082,43.49068451,-10.15179539,37.80833817,-0.579103708,48.04130554,-11.62717915,40.88909531,-0.159728497,36.09361649
Have Mercy.m4a,4439552,0.359363526,0.090148099,0.194104269,0.008060679,2500.746392,789008.4422,2409.818561,184537.0965,5108.259552,2578442.164,0.117407148,0.004418108,-3.13e-06,0.021618292,-0.000195848,0.011776507,123.046875,-81.06750488,8082.658691,79.00344849,1069.248901,-6.880789757,562.0497437,37.73847961,432.7453918,0.508241892,207.8563843,17.46500587,254.2258453,-1.93449235,128.4347839,11.02751827,102.7578888,-7.071999073,91.42472839,8.143285751,96.06761932,-7.875734329,60.56526184,7.344690323,69.29170227,-7.11238718,74.58136749,2.055120945,51.40719223,-11.27830791,51.78275681,-4.045514584,55.50911331,-11.37367249,57.09622192,0.169843704,64.12451172,-9.022247314,78.86338806,5.552732468,127.3746567
Heart Of Glass.m4a,5560832,0.392436504,0.083945334,0.1807345,0.006577483,2451.913079,491981.5013,2514.734193,199957.0553,5267.186621,2338322.591,0.104372387,0.002291263,-4.15e-07,0.019559106,-5.19e-05,0.008365071,117.4538352,-81.01405334,8338.424805,80.15831757,761.7853394,0.192217842,471.4006653,37.20225143,206.1679535,2.339680672,98.21363831,15.46500015,132.6318054,-1.607835293,74.49868774,10.48999977,74.40664673,-2.072911501,61.16986847,12.05814743,71.05116272,-4.246758938,47.96002579,9.701692581,44.83495331,-4.472943306,56.41431046,6.895414352,57.95675278,-5.30922699,52.18620682,5.191992283,41.35935211,-7.999599934,47.52351761,4.420805931,57.64932632,-3.539725542,67.6343689,4.969317436,64.80583954
Here You Come Again.m4a,3958272,0.331025839,0.088660799,0.11382471,0.003428138,2035.051035,409447.7644,2000.390997,120100.3225,3970.163439,1438649.515,0.113776604,0.003373395,-4.89e-07,0.009067936,-7.65e-07,0.003360223,107.6660156,-140.0638275,12834.81836,107.7101898,913.706543,-28.68785477,310.0871582,29.91804123,227.5215607,-7.79640913,142.2143707,7.836065292,112.590744,-5.673898697,99.82397461,-1.656076074,118.5801315,-7.622710228,102.2538376,-1.32222259,83.90652466,-12.60021687,84.0116272,2.333696842,63.57189941,-9.771306992,80.48485565,5.859596252,76.3079071,-8.286644936,80.77877808,4.2180233,79.38012695,-3.609764576,79.01203156,2.68388319,75.85353851,-5.192308903,83.83731079,2.009342909,74.10562134
Hold Me Tight.m4a,3620864,0.366014361,0.101075888,0.096024305,0.002066025,2141.1692,630915.2978,2228.917649,162359.2703,4385.32069,2327232.221,0.085865221,0.00313321,9.74e-09,0.007634874,-2.06e-06,0.001411691,89.10290948,-180.1310577,7553.325195,89.24547577,866.3446045,-16.09116936,483.918396,36.62752151,345.2054443,3.575421572,277.8179016,14.06177235,174.593277,-2.875943184,115.7806473,15.58029175,84.78342438,-5.091165543,96.60456085,6.818719864,78.86319733,-5.888743877,71.94693756,8.666657448,67.80701447,-3.367217302,69.40812683,3.648875237,68.13445282,-1.649240732,62.97390747,7.99745512,71.07819366,-1.867554069,60.63007355,3.916392088,53.12586594,-7.373242855,70.96411896,3.82719326,82.40649414
Holy Wars...The Punishment Due.m4a,8735232,0.460225642,0.076612175,0.10838788,0.001124992,2523.177685,227669.7882,2379.485192,120292.3095,5070.232593,863303.4327,0.129460897,0.001922773,-0.000613232,0.005202136,-0.002441658,0.003089208,117.4538352,-88.46836853,4626.943848,82.56085968,380.699707,-13.87290001,322.9092712,50.96639633,132.634552,-6.573869705,90.82596588,15.11280632,56.88637161,0.309785515,58.22714996,6.122098923,57.63016129,1.567950726,44.61367798,7.383560658,58.66067886,-6.373384476,34.38559341,6.901400089,42.64544296,-8.310750008,38.46795654,1.429444313,39.98653412,-10.41672421,38.14162445,6.808907509,31.04317284,-8.050835609,29.70018959,5.269656658,33.16850662,-4.365749359,36.62968826,2.641872883,32.11956024
How Do You Like Me Now-!.m4a,4610048,0.41819194,0.080400743,0.144094348,0.004165974,2267.871351,448409.7028,2337.215018,169048.5196,4697.837112,2057119.603,0.113275123,0.003367776,2.73e-06,0.011513312,-4.06e-06,0.005859732,107.6660156,-102.1685638,14490.34277,93.09069824,854.3544312,-11.88798237,422.8291931,36.61112976,225.4915619,7.131299496,182.3983002,7.981775761,133.6312408,-5.609809399,122.1020508,12.13761234,96.44791412,-6.928342342,78.25873566,9.994069099,100.8997574,-5.564575195,76.89666748,3.928663254,62.59483719,-4.74565649,62.31694031,5.410714626,54.03460693,-9.114088058,53.17551804,4.015842915,57.88293457,-4.854667664,59.30341339,1.914090514,73.99981689,-1.261099935,42.37627411,7.608960152,53.38712692
"Hungarian Rhapsody, S. 244, R.106, No. 2 in C-Sharp Minor.m4a",12419584,0.243084699,0.088039286,0.045951754,0.001468807,966.6903813,73389.34298,1050.993567,66336.22964,1647.142685,252268.4367,0.06386263,0.00088795,-1.02e-05,0.002849868,-3.88e-05,0.000151231,161.4990234,-317.0391235,9791.554688,159.7328491,970.4475098,-12.288764,815.0569458,4.860833168,315.3680115,5.389127254,177.5542145,3.656137228,109.4223938,-4.599237919,98.86312103,0.05523818,116.7454681,-2.381006479,134.1688385,-5.259657383,137.0806427,-7.253278732,114.1878128,-6.958581924,103.2998428,-2.839022875,114.4844284,0.289544553,87.85289764,1.529811502,73.50267029,-1.655490398,69.12306213,-5.922434807,78.25940704,-5.117050648,85.14359283,-1.715386152,88.29238129,1.597118735,111.0461731
I Feel Love.m4a,7832576,0.389120191,0.091864407,0.077920802,0.001669191,2311.993664,704295.3137,2261.906494,326434.5583,4770.872641,3206535.913,0.100772039,0.00247855,-0.001929428,0.002578737,-0.001534786,0.003591622,129.1992188,-170.2499237,12738.42871,94.08591461,1799.180908,-17.94767761,454.9187622,23.84615326,426.9953613,-5.88054657,178.6356506,13.15603924,114.0770798,1.5702703,104.9841003,8.822793007,71.97716522,-4.679697037,104.9590683,9.742949486,70.95300293,-7.253565788,62.54958725,5.497078896,61.99036026,-3.921280146,54.95428848,6.806952477,52.21368408,-3.126707554,54.37712097,3.683190346,48.92847061,-6.345736504,53.24453354,3.346166372,39.9268074,-6.343813419,42.96180344,4.63729763,41.70767975
I Love Rock 'N Roll.m4a,3863040,0.419797122,0.086933345,0.204197615,0.006702072,2361.829275,347839.8596,2094.561244,122329.9616,4555.010114,1166916.361,0.132756463,0.002896713,3.66e-05,0.021098124,0.000546275,0.013289201,95.703125,-38.0538826,6325.513672,93.94715118,837.5960083,-43.33240128,365.458374,30.05087471,292.1756592,-13.98499584,167.8759003,9.801890373,126.7611389,-2.954888105,134.3939209,5.326386929,85.0491333,2.473976612,80.54698181,6.328580379,91.18857574,-2.455406904,54.24618912,8.612551689,54.19447708,-10.82981491,58.43346786,6.345709801,57.94166183,-4.50349617,57.32947922,2.055248022,43.66324615,-7.146984577,45.15069962,4.534829617,44.26279831,-7.967324257,57.36082077,4.495094776,77.44490814
I Shot the Sheriff (Surf Style).m4a,7322624,0.339130312,0.091317929,0.181436852,0.007520454,2106.795602,643382.6177,2249.806297,311144.0972,4434.624903,3402016.244,0.096852223,0.003403276,-6.73e-08,0.026533347,-6.65e-05,0.007282891,151.9990809,-110.5499039,9195.530273,94.36006165,1034.02478,-10.43488789,692.2679443,27.65538788,226.4404144,1.810696959,154.3766022,11.51647854,159.8417816,2.929229736,141.1915741,9.199316025,96.99033356,-0.26655221,101.4054565,8.367282867,74.91049194,-14.19056034,88.40407562,-1.965535402,88.93663025,-7.190349102,70.45659637,3.001669884,74.70826721,-9.699947357,64.96911621,2.033203602,68.87537384,-5.753004551,94.37306976,7.708851337,86.85449219,-7.031123638,127.6236343,-0.349158347,99.97341156
I Want It That Way.m4a,4703744,0.340101898,0.086975902,0.163331687,0.006344497,2612.20514,546454.8163,2589.197835,146006.3039,5709.713486,2198168.84,0.123759102,0.00390323,-4.17e-06,0.018143928,-2.4e-05,0.006660083,99.38401442,-77.38426208,11843.98535,81.4245224,605.8782959,-6.671864033,312.5770569,14.46594429,264.0976257,1.924553871,176.5251617,10.80610371,154.3768005,-13.7363224,152.3591003,11.8447876,101.0965195,-8.988749504,115.9279785,6.298079967,104.7005844,-9.341247559,63.60863876,0.525267005,115.1614304,-9.943198204,62.99602127,1.420556664,62.88042831,-6.719026566,57.56332397,0.933323562,57.15930939,-9.883141518,52.9582901,4.284852028,56.24223709,-8.155291557,59.69012451,1.89256072,63.17661667
I Will Always Love You.m4a,5941760,0.256516576,0.09571901,0.117748901,0.008736491,1834.930484,507777.1056,2050.188787,267712.6593,3649.025396,2386348.665,0.082135082,0.003144787,-4.4e-06,0.017997313,-2.54e-05,0.001559022,67.99958882,-207.0201263,19032.50977,97.6999588,1659.023926,-6.964207649,558.854248,30.37580299,471.2036133,4.470433235,161.6783447,-2.380149126,234.3484039,0.374909043,128.5332642,-0.013376785,173.3357391,-9.454474449,94.76932526,9.118614197,180.536972,-10.60752964,120.7793274,-1.096340418,88.99052429,-7.080884933,102.2408524,0.950810313,147.9494171,-1.787249923,129.0577698,3.145856619,143.3883514,-4.350930214,106.6309128,2.397346973,147.2415009,-6.498057365,139.5806122,2.919815779,195.8087006
I'm Tore Down.m4a,3410432,0.288505316,0.09373156,0.08933077,0.001354501,2449.11315,432377.1669,2496.50359,184513.1681,5290.682473,2394263.437,0.111818165,0.003051016,4.21e-08,0.004744435,-3.67e-06,0.002108366,135.9991776,-154.144104,6514.230957,84.7275238,762.5715942,-5.432263851,622.06073,22.13350487,233.8447571,-3.534999132,174.084671,7.623218536,91.46743011,-7.644713402,71.42364502,8.51554203,75.89636993,-12.20904922,71.17623138,5.154396057,82.25084686,-6.931921005,78.50630951,4.796902657,77.8791275,-11.91832924,78.02516174,1.301323533,70.66313934,-13.90357018,64.6769104,2.033993721,62.41570663,-10.70145321,70.71814728,2.466342688,72.87045288,-3.162767172,76.12774658,4.86486578,142.4855652
Iron Man.m4a,7799808,0.411154896,0.081093967,0.185898528,0.002832744,2580.820463,438467.4938,2353.4419,119969.8616,5076.305996,1361999.623,0.130178153,0.003249379,-8.55e-07,0.018830331,4.41e-06,0.008469421,161.4990234,-57.51872253,6599.617188,75.40600586,825.3356323,-11.1135006,364.42099,58.92879486,188.5414886,-5.885653973,106.1242371,8.279165268,81.52173615,-5.133360386,67.73664856,6.613785267,51.42595291,-4.178241253,55.39858246,10.05948734,53.21068192,-6.555860043,50.83274078,9.841373444,49.12771988,-6.79937458,50.84970474,-2.086300611,56.11382675,-5.804327011,52.35173035,-0.073647045,35.34333038,-12.68615437,43.95770264,4.751770973,35.79090881,-5.353136063,44.70589066,3.916209698,41.73051834
It Don’T Mean a Thing (If It Ain’T Got That Swing).m4a,3979776,0.3462767,0.095077917,0.091787405,0.001573846,1600.421529,582411.6951,1556.505636,94351.26911,3244.978093,1677446.324,0.098897743,0.008583902,-2.82e-08,0.005903361,-2.8e-05,0.001628206,112.3471467,-223.668869,7374.65625,123.7462692,1095.184448,-20.00112343,1227.828369,84.59100342,495.2050476,0.832363546,334.4457397,8.029408455,183.929184,10.75712967,160.6244812,-10.70142269,88.38315582,-6.110785007,73.72254944,-6.390126705,106.2558746,-7.202777863,105.8049316,-6.513902664,78.49441528,0.755266964,80.39801025,-0.721126318,88.26225281,2.680010796,105.4972534,-0.855407715,79.17066193,1.966564536,95.45409393,2.689775229,104.793396,-3.421806574,88.20619202,1.401937723,90.68959045
It's Just a Matter of Time.m4a,5203456,0.373445421,0.082711525,0.183617026,0.00373572,1718.78449,331671.6618,1983.282996,157141.4798,3511.361215,1715666.621,0.076579977,0.00121492,2.79e-05,0.021537727,0.000127803,0.007145496,66.25600962,-86.42446136,5140.973633,124.0273666,828.2572021,-14.90920734,374.5296631,30.86683655,200.6955872,-1.611748338,160.1681061,9.095561028,122.1544189,-8.950256348,79.87176514,11.24548912,81.94934082,-9.814791679,74.79845428,1.450853586,79.90478516,-7.122191429,70.10540771,0.561743021,75.54901886,-11.25763321,66.42715454,-2.73720026,57.43571854,-9.071656227,49.98188782,2.346864462,58.46172714,-9.224577904,43.88982391,-1.430406213,48.22071838,-7.354907513,49.60786438,-0.697024107,60.9249115
It's Your Love (A Tribute to Tim Mcgraw and Faith Hill).m4a,5094912,0.342474252,0.094877876,0.11433056,0.003445042,2023.636198,850691.8082,2128.321456,255477.1168,4134.776367,3150320.994,0.114210908,0.019448173,2.05e-06,0.010564372,-1.37e-05,0.002329117,143.5546875,-158.0617523,13680.89063,105.7939224,1404.934937,-10.2745142,433.7449341,29.1859684,240.6829224,-1.951882362,197.3506012,3.830528259,147.6810303,-7.559554577,118.1751404,6.530777931,109.9272003,-13.46520519,111.3911133,3.190748692,118.5849609,-8.86889267,88.94447327,-0.397991449,102.6723022,-9.875051498,80.49830627,-1.12461853,87.69340515,-9.674548149,85.83098602,0.071313202,79.05673218,-8.13585186,67.90752411,1.09280169,81.65636444,-7.15557003,80.39406586,-0.014794819,82.85314941
Juicy.m4a,6676480,0.364587039,0.097618341,0.207412079,0.011151413,2359.486516,896029.4429,2275.479091,195505.5639,4793.367631,2755303.964,0.105971933,0.004086134,1.92e-07,0.016342614,-3.9e-05,0.022797808,95.703125,-92.80662537,8892.541992,86.73429871,1530.797363,-0.081531249,569.6819458,47.30876541,455.5795593,-7.709805965,271.0845642,10.74801254,311.8725281,-6.940406799,179.3789978,10.52181625,161.8273468,-10.16397953,151.5690155,5.411452293,139.8730774,-7.767078876,111.3177567,4.358029366,78.41880035,-9.307159424,95.47590637,2.646267176,102.7031097,-6.817769527,83.95735931,0.586123049,61.96557999,-7.260395527,74.61859894,-0.782311857,85.77252197,-6.630720139,100.4273758,0.547559679,103.2774811
Legalize It.m4a,6167040,0.414341867,0.08742696,0.146975055,0.005568007,2325.190595,389010.4983,2180.881536,149850.9013,4602.527322,1719534.255,0.12898436,0.003235018,3.03e-05,0.013406258,0.00013891,0.006725304,143.5546875,-91.33362579,5854.830566,94.52310181,747.494751,-30.70087624,580.336853,29.17062759,260.2067566,-3.023023605,327.0917664,11.06044769,135.7795563,-7.064164162,155.3641663,11.82980347,130.848587,-6.658765316,92.79258728,7.161753178,89.94929504,-0.437869042,106.5251846,2.688252449,66.18421936,3.965065002,66.82381439,4.284380436,64.23803711,2.930432796,66.97705078,8.295186996,71.41168976,-10.33333778,80.27559662,11.09550858,77.4695282,-5.888447762,67.29131317,4.871826172,63.96536255
Live Like You Were Dying.m4a,6622720,0.324998856,0.084225595,0.183694765,0.005806159,2081.2721,399087.2125,2272.373071,177867.7257,4410.226718,1875871.11,0.09165797,0.001505594,-2.57e-07,0.026296562,2.56e-05,0.004770873,80.74951172,-81.63598633,10815.58789,102.5569611,835.1177979,-9.213590622,257.9682617,31.28203201,168.8652954,0.726482093,106.1512604,5.872634888,63.93265915,-9.280407906,101.8887634,6.086062431,67.60829926,-5.07932663,67.18746185,5.153352261,77.29524994,-9.187903404,54.54684448,2.605107307,65.29292297,-9.026629448,60.15565872,2.239660025,62.67398453,-5.057164669,48.01532364,3.120334625,52.34273911,-9.661888123,45.51495361,3.341971397,43.74740601,-9.464152336,47.74071503,0.306139767,48.59593201
Lose Yourself (From '8 Mile' Soundtrack).m4a,7084032,0.462038249,0.083617613,0.272122413,0.019491291,2135.365099,1063923.04,2200.094108,461477.7475,4385.500515,4397486.802,0.094069392,0.005007775,9.92e-06,0.04280284,-2.72e-05,0.022597862,172.265625,-80.22772217,12875.18945,96.3836441,1665.656372,-7.431425571,854.7231445,35.55810928,396.6439209,9.391745567,234.7281342,8.89435482,275.0519409,3.469903946,163.7158661,16.66280746,242.7600861,-4.19333744,135.7881927,12.57313919,148.5500641,-1.18439424,109.7751465,5.931619167,121.2799835,1.46341157,116.1230164,5.776143074,103.8188248,-3.936772585,74.08840179,5.250108242,96.34604645,-9.629218102,72.5121994,3.850964546,95.03656769,-5.715744972,86.20667267,3.410570383,107.777153
Lost Ones.m4a,7363584,0.4227328,0.096455976,0.16229327,0.012133026,2222.718111,1214731.977,2295.832985,290436.242,4615.508771,4645091.062,0.106694562,0.007104873,-2.99e-06,0.011215606,-3.79e-05,0.018506674,95.703125,-135.0927429,12462.58398,95.46157074,1940.615967,2.492749214,869.2778931,17.05091858,484.7151184,-11.18218803,416.0611877,10.50051308,277.2341919,-5.275635719,270.8599854,6.360233307,192.6300964,-6.429588795,149.7236633,9.888342857,175.2706909,-4.090713501,115.8716812,5.745983601,103.1937256,-5.367090702,111.4316864,1.580119848,74.28386688,-7.079999924,84.68453979,1.594864845,69.55178833,-6.505599976,74.11930847,1.199920177,74.9485321,-5.541458607,72.58383179,-2.996297598,109.9435425
Love Hangover.m4a,10339840,0.361225635,0.087685242,0.081156813,0.001117645,2470.220354,562276.1796,2649.708716,181159.1699,5646.203961,2586812.048,0.109493686,0.003324688,0.00135628,0.003535655,0.001600735,0.001966583,112.3471467,-150.1645203,5431.509766,91.89593506,811.442688,12.52314568,422.8639832,20.18906784,177.2114563,-6.464262009,114.0019684,15.09186363,119.5219727,-8.956067085,76.10904694,6.142705441,70.80522919,-10.12991714,59.51056671,6.34087038,55.16226578,-10.99111652,53.25839233,2.949661732,52.25750732,-11.62724209,47.71813583,4.58235693,46.98819351,-10.63479137,41.5208931,0.912640095,42.07244873,-9.012989044,48.84032059,3.611804724,45.69875717,-7.222827911,61.0954895,5.515216351,58.48585129
Many Rivers To Cross.m4a,3553280,0.328387469,0.092877172,0.128080174,0.00586589,1218.646233,439356.7427,1683.324034,337819.1708,2370.712284,2968955.164,0.052752032,0.001085816,-4.88e-07,0.01526259,-2.83e-05,0.002991812,135.9991776,-219.7036133,13082.88867,131.8873291,1495.838379,24.50497627,860.0020142,24.64525986,278.5621338,2.899050474,203.3903656,9.380781174,173.984314,-0.807522058,159.2892303,10.69809151,171.2850494,-7.793184757,111.9687881,5.006969452,119.8121643,-3.881196737,101.8595123,-2.120168209,104.2145081,-3.547277212,120.1599045,3.023334026,94.73983765,-3.775348425,123.7619247,4.377945423,128.7666016,-3.234611034,119.2297363,0.865079045,112.5769501,-4.279199123,104.3356171,-0.851438224,152.6272125
Master Of Puppets.m4a,11340288,0.450056523,0.08086288,0.098342113,0.001284729,2837.463156,388973.2659,2361.853405,114316.8588,5414.834043,1174091.256,0.151877579,0.003110154,-0.000953349,0.005729162,-0.002066472,0.002298118,103.359375,-112.3395233,6335.556641,60.11848831,639.8464355,-18.59553528,320.5458069,58.65101624,369.3257141,-0.797982574,89.2702179,16.56308746,109.873909,-0.399400473,75.99501038,14.27806568,65.20302582,-8.716763496,50.32634735,6.350194931,72.80531311,-2.550536871,46.46734619,5.869865894,43.40258026,-7.878909588,44.99688339,-0.124972664,44.51779938,-10.02522087,44.90090942,-0.111236244,33.49206924,-12.23136997,34.13185883,3.919085026,37.0915451,-4.259954929,40.81419373,-0.129491225,41.38366699
Me Myself and I.m4a,4863488,0.410137326,0.093325779,0.073082879,0.001707825,2717.875606,877766.1336,2694.888612,155032.1291,5895.600617,2685214.253,0.133098222,0.006608456,5.32e-08,0.001527123,5.88e-07,0.003510752,117.4538352,-166.2342682,7329.382813,79.44942474,888.1925049,8.994724274,580.7156372,18.57306671,331.7814636,-6.661465645,180.3974457,11.36393261,157.8244019,-8.954549789,105.4658813,7.329192638,78.84502411,-9.94003582,77.72458649,5.586808681,65.92177582,-5.922766685,62.79570389,6.421844482,54.75418854,-7.545021534,52.86768723,1.72698772,57.04177094,-9.603547096,52.17579651,1.007709026,41.79127121,-10.60281277,43.33124161,0.277094424,39.98315811,-9.529215813,42.78023529,-0.075379044,45.79841614
Mind Playing Tricks on Me.m4a,6808064,0.414045215,0.092405327,0.12523967,0.006626665,1981.059563,640574.3073,2149.208314,212992.7277,4132.314465,2507721.265,0.083795202,0.003608458,-1.98e-06,0.010293389,-2.47e-05,0.007329955,95.703125,-159.269577,6386.46875,99.54076385,1049.922974,-11.21089268,557.1040039,41.81673813,358.3743286,8.556286812,258.9519043,15.02164841,165.2527008,-4.638929367,129.0929108,12.61514282,81.90887451,0.757286847,110.8358841,5.283427238,85.74077606,-4.095940113,79.52033997,3.46844697,86.207901,-4.72026968,61.49165726,3.854594231,59.91723251,-4.778418064,57.65539169,3.485791445,74.40018463,-4.982260227,60.84684753,0.740031123,57.24084091,-1.83319664,69.34490204,2.213049412,53.42551422
Moonlight Sonata (Solo Piano).m4a,2607104,0.228070334,0.080768153,0.094636835,0.002439507,826.2440263,137197.5053,851.0458091,90730.19634,1444.185383,432520.2483,0.051862793,0.001230658,-6.52e-06,0.010503885,-2.86e-05,0.000186997,51.6796875,-261.3798828,6688.722656,185.1112976,1810.351074,-20.65130806,428.4396362,8.680605888,237.7214813,8.918002129,107.0765762,-8.377979279,81.37424469,-3.636379004,72.98895264,-4.053333759,78.50619507,-3.509172678,66.11724091,-4.067090988,64.78076172,-7.563961983,80.57054138,-7.276964188,80.34850311,-4.756851673,66.27462769,-4.234671593,55.73229218,0.828892589,67.66249084,1.694002509,64.62944794,-4.228279114,82.63852692,-2.664027691,98.16075134,2.71346736,92.94805145,1.446414709,86.50959778
Mozart - Eine Kleine Nachtmusik Mozart Instrumental Piano Music.m4a,7345664,0.216852099,0.084733918,0.046784885,0.000427848,1016.67963,102398.8138,1258.24439,78119.51122,1675.612024,617453.3478,0.050368008,0.000524272,-4.06e-06,0.002353388,-2.7e-05,4.48e-05,89.10290948,-308.7505493,2118.152588,158.254776,842.0939331,-18.22585297,218.8229065,7.270349979,180.914917,-20.1215744,86.41546631,-8.201224327,53.50395584,-7.641854286,72.63759613,-12.31389427,67.49310303,-13.22555923,104.0600815,-18.21871758,120.5275726,-18.4986763,78.89824677,-16.14265633,74.25522614,-14.90061092,84.25484467,-12.34780693,78.49069214,-11.90074825,72.54570007,-10.78586483,69.22949982,-11.34168339,72.4041214,-10.96186829,64.93523407,-8.474515915,48.87001801,-11.05245209,45.76706314
Ms. Jackson REMIX.m4a,5409792,0.315295756,0.095004335,0.179300338,0.021737233,1366.238265,1559821.224,1617.63009,756966.9033,2615.744168,7480594.623,0.060743398,0.006341863,2e-06,0.041622415,-0.000162413,0.009123297,95.703125,-240.9751587,14014.0752,137.3750305,4296.296875,22.96242142,873.1277466,12.96660709,134.0982971,16.65389442,140.9716034,10.12773609,129.0145569,-5.78492403,144.797348,-1.079602003,154.2011719,-7.774803162,88.21073151,-4.957367897,66.67809296,-8.104506493,43.38444519,-0.673059762,70.87924957,3.324460983,64.05406952,8.980758667,70.68177795,0.14211762,61.19321823,-1.022758126,96.40332031,-4.539988995,49.8286705,-0.130218461,46.98752975,-3.512230396,44.67915726,1.292894959,39.56600952
My Babe.m4a,3583488,0.319965184,0.092233576,0.095067643,0.003065001,1930.035714,605801.4414,2137.709993,243047.5588,4044.106274,2436382.63,0.078824079,0.00293769,-1.67e-07,0.007397783,-1.53e-05,0.002053462,78.30255682,-192.7223358,13287.9082,98.34945679,1306.892822,-2.006376982,706.6248779,38.93235779,280.2720947,-9.282662392,234.9541473,-0.193833947,181.7981567,-2.007817507,116.7137146,4.278755665,83.95076752,-8.563602448,98.61508942,3.990297318,80.68989563,-10.77115536,75.70809937,0.110979393,69.99938202,-9.689463615,64.70365143,-0.867401361,60.3970108,-7.315149784,68.26248169,0.946394086,73.38816833,-6.857615948,69.38597107,0.232493982,45.85258865,-7.267483711,50.75757217,-0.121461719,66.93599701
My Hang-Up Is You.m4a,2733568,0.373241752,0.08827883,0.08604189,0.001613778,1684.182883,459453.7835,2052.693537,207812.3283,3503.427954,2388912.597,0.065726497,0.001787226,-2.76e-05,0.005307942,-0.000259623,0.001747761,92.28515625,-186.3363495,4488.905762,117.6012192,870.1434326,-5.425190926,472.5039673,27.26082039,223.8858337,7.10464716,201.304306,14.85507965,122.6659622,-1.581685781,103.0995331,6.431152821,115.8817215,-7.689496994,86.12477112,-0.478936464,107.9805374,-4.330664635,93.90083313,2.978708982,76.56563568,-6.092092514,61.6011467,-0.487276465,57.51325989,-8.143366814,63.27804947,1.111229777,64.19560242,-2.178320646,51.13570786,2.06236577,59.76781845,-3.059289694,59.19878769,1.862908721,67.35501099
Night Fever (Bee Gees).m4a,4595712,0.40560317,0.089036368,0.124148242,0.005131445,2737.335632,891764.6284,2716.785019,231012.4159,5974.013848,3325419.162,0.127564768,0.006137744,-4.2e-08,0.007584075,-0.000131397,0.00825357,107.6660156,-129.2559662,5186.381348,72.97690582,1078.268311,13.23045731,518.4598389,34.04034805,209.2615204,8.303501129,115.9050522,21.89188957,110.9452591,-0.001890978,78.36408234,11.78894997,68.34210205,-5.550677299,67.83750916,6.117816925,78.62931824,-8.03126812,89.7502594,6.122914314,76.98378754,-3.586339235,65.33586121,5.937605858,70.26500702,-5.183314323,63.23314285,5.681909561,56.32953262,-4.356682301,40.16056442,5.237539291,44.19857407,-8.151572227,54.66140366,3.078754902,56.92480087
Nobody Knows You When You’re Down And Out.m4a,3972096,0.243711472,0.095347375,0.147686943,0.004718035,868.8073352,271475.3625,757.9166495,90792.66621,1464.144027,968521.2738,0.059435766,0.002215875,-8.18e-06,0.02014151,-1.89e-06,0.00235831,172.265625,-275.2671814,6101.85791,167.8888702,1197.855103,-23.82256317,2347.505615,5.730817318,481.7432556,12.23686314,235.5353546,-26.68206024,237.6289215,-15.74997711,164.916626,-15.23863411,100.9233627,-28.67668152,124.9296265,-21.73786163,166.4243164,-23.49743462,80.40510559,-29.84270096,103.8745956,-21.35455513,72.67831421,-17.27023697,70.43904877,-15.60565948,83.42585754,-6.453280449,153.331955,-3.591949701,175.1220093,-6.232139587,159.350235,-5.680284977,133.3872528,-4.960688591,124.2678833
Nocturne Op 9 No 2.m4a,3873792,0.283384264,0.083616979,0.127673805,0.001996084,1828.365485,271160.0563,2215.139477,151699.1936,3901.564849,2001787.733,0.106335035,0.001069769,-0.000356143,0.016319321,-0.000790875,0.000414511,129.1992188,-158.7153625,3468.773926,99.39201355,481.193634,5.959702492,237.5987854,31.82218933,218.4454651,9.375009537,120.5580978,20.15750694,87.01412201,-2.865245104,119.8503036,2.918554306,133.0265503,-5.840537071,100.207489,-4.536615372,120.7519684,-7.934586525,153.6682587,2.724010229,183.7985077,-12.53424072,120.2669296,-3.492065668,138.1152649,-10.94523716,204.5660858,-0.942782879,180.1669922,-11.98083401,207.402771,4.721552849,140.8866425,-7.030008793,149.4341888,3.296178102,129.4196777
Now That We've Found Love - A Tribute to Third World.m4a,4881920,0.474094123,0.084290422,0.119477727,0.003160966,2250.958819,1140044.731,2768.68436,317512.3183,5447.505224,5145273.833,0.065084419,0.004491213,-2.18e-05,0.008950512,4.98e-05,0.003472687,117.4538352,-195.1974182,7911.234863,80.91751099,894.107605,36.97880554,559.8728027,34.84547806,325.5465698,21.3622303,275.2095642,26.43675232,157.4315643,3.270076275,158.8968658,20.53780556,74.34051514,3.776999235,98.07342529,13.11711979,81.16975403,2.718277216,69.92952728,9.337817192,72.09000397,-1.293852091,52.64929962,6.884051323,54.73276901,-4.94837904,46.89065933,3.113929749,55.03904343,-5.271661282,47.79188919,6.323807716,63.49671555,-7.919773579,69.81033325,5.088078499,60.74294281
One Love.m4a,3812352,0.393023849,0.094387084,0.16912955,0.008010452,2196.788723,965757.4328,2494.22617,419636.3154,4855.870315,5450640.378,0.087917049,0.00433296,1.63e-06,0.021222621,1.05e-05,0.00815667,151.9990809,-137.7306976,11073.86816,95.62600708,1087.200073,4.150377274,761.2700195,9.576971054,482.8007813,11.28485298,390.1455078,12.73754978,196.4656372,-0.264152288,321.6983337,14.81347466,151.2094116,-4.826243401,150.5929871,9.952877045,143.6912537,-1.407335758,118.0905685,3.599381208,92.97766113,-1.267356515,105.048233,2.337771177,88.26856232,-1.86016047,79.52539825,0.098089255,93.90158844,-6.193007469,85.94988251,1.744689703,73.08926392,-6.468225479,84.26769257,2.634601355,90.76997375
One.m4a,9788928,0.447815478,0.085507676,0.098816782,0.002870839,2721.938655,580948.205,2328.175887,204189.3672,5179.937021,2124665.564,0.149181874,0.003516909,-3.89e-06,0.005834238,1.7e-05,0.003320324,107.6660156,-139.2880096,11822.46875,61.58501053,861.4647217,-20.37436676,470.3319092,52.1150856,471.3099365,16.63792038,168.6230927,10.33705521,172.5455627,-2.672436714,98.12465668,16.64438438,93.65232849,-6.282598019,73.73594666,2.725087404,98.64659119,-3.345555067,75.58957672,4.430156708,67.36832428,-9.150411606,61.78123856,1.062124133,69.21504211,-8.774207115,58.72251511,5.861651897,55.56880188,-9.815547943,45.44638062,1.44403398,55.64580917,-2.088719368,54.35079193,-0.50363338,63.85332108
Painkiller.m4a,8066560,0.487603754,0.0742274,0.252624333,0.001611817,2977.223342,208242.3502,2526.406178,81678.69202,5823.802795,773605.6426,0.165569211,0.001821214,-3.56e-07,0.030640803,-3.19e-05,0.01145147,103.359375,11.58245945,3188.322754,64.46685028,297.2740479,-11.11962509,322.6194458,50.33239365,167.9005127,-7.532725811,100.5201797,19.03060341,113.297966,-3.617502213,109.2167892,14.41821194,65.69828796,-1.518559456,55.38713837,13.89943218,50.43042374,-2.610420227,47.22946167,9.97966671,48.26268387,-6.755423546,58.31579971,8.291822433,57.96245193,-7.316445827,43.7733078,8.622759819,33.271595,-5.154817104,33.98575592,10.60914898,47.11981201,-3.975193501,43.3643837,4.319780827,40.80599213
Paranoid.m4a,3704320,0.455898762,0.077090502,0.131187841,0.00123231,2158.172511,319804.4525,2232.504232,98042.41681,4525.210374,957634.6591,0.089445554,0.003355021,4.33e-08,0.010369752,2.95e-06,0.002875459,161.4990234,-104.2755356,5281.623047,95.0697403,648.2245483,-15.01444817,304.5342712,51.94356155,137.5169678,-2.857940197,102.8507538,13.28932571,79.88428497,-2.821980238,61.04975891,9.75034523,44.45135498,2.061088085,58.36754227,11.81745815,32.46497726,-2.229530573,33.44441986,12.70918751,39.01396561,-6.14552784,38.08928299,4.198824406,50.26318359,-4.350239754,34.49158096,1.564386487,35.00141525,-9.235316277,39.9691658,7.376726627,41.57427216,-2.136045456,49.00868607,5.571896553,34.51203918
Poker Face.m4a,5236224,0.43917495,0.08950533,0.271495223,0.010664108,2203.933041,518812.0701,2366.323222,274203.5206,4754.687254,2746084.518,0.090198981,0.002278577,-0.001104924,0.028891463,0.001017501,0.031257525,117.4538352,-43.62805939,7566.338867,96.44283295,936.5877075,-7.790074348,520.0445557,26.23824883,275.3813782,-1.127420187,218.1542358,13.29586411,195.5528717,3.156399488,110.5803223,12.04927158,106.9831009,-1.808263779,69.79563141,12.27450752,95.06483459,-4.960121155,76.57927704,7.136222839,72.89720154,-5.708126068,53.68776321,5.705840588,48.02515793,-5.58955574,45.70366669,4.332416058,51.44162369,-7.685521126,43.85979462,4.469405174,51.88801575,-6.982637882,52.78416443,5.244376659,69.74650574
Purple Haze.m4a,3766784,0.440571934,0.082852453,0.184838712,0.004990667,2336.751634,291398.9831,2084.591778,138042.8627,4463.692828,1255787.951,0.136448994,0.002744325,-7.4e-07,0.018304277,4.77e-06,0.0086908,107.6660156,-54.29456711,8343.542969,92.7413559,702.5697021,-41.00929642,395.5305481,41.75403595,236.2662201,1.928377628,109.1225281,16.01591492,64.71307373,-2.371230602,66.13174438,11.23069382,52.63529968,-7.040740967,62.81359482,13.57197857,55.68911362,-2.550322056,47.72744751,9.78102684,48.13027954,-7.981764317,40.92660904,-1.917414188,44.26889801,-2.913720608,47.09538651,4.693205357,30.93600845,-16.85312843,42.0586853,1.887483716,36.23013306,1.602517605,48.88664627,0.66450882,47.19869995
Purple Rain.m4a,11638784,0.389206678,0.083982274,0.140938908,0.00391292,2170.0625,486770.869,2072.793065,230062.1417,4338.921485,2055090.221,0.115535381,0.002547262,-1.15e-06,0.014847011,-1.86e-05,0.003071747,112.3471467,-91.06586456,10406.44531,98.52302551,1104.954346,-26.21363258,520.1109009,37.59571075,208.0237579,-6.198131561,147.1627655,16.04420853,158.6838074,-6.192270279,92.50829315,9.245798111,76.38934326,-7.367292881,56.33329391,7.243277073,66.8169632,-5.663349628,53.62155151,2.808521271,59.665905,-3.984046698,48.74092865,1.551905155,47.61151123,-5.372806072,46.08417892,2.127166986,41.48973846,-6.59635067,45.16209412,2.619960785,40.20150375,-7.60414505,49.05116272,2.190995455,45.01169586
Ride of the Valkyries.m4a,6249984,0.306136847,0.087159269,0.056192052,0.001043746,1630.761878,192981.2093,1644.431261,147157.5855,2990.362731,984706.1307,0.096166648,0.001126631,-1.59e-07,0.002970685,4.55e-06,0.00031781,103.359375,-208.7324066,6946.589844,126.0468369,805.2347412,-40.24213028,495.9194031,9.153054237,179.5797272,-12.29835987,121.5306473,-0.905056357,93.21862793,-14.51896286,92.14494324,-11.06937408,119.3222198,-14.29890251,81.57789612,-4.665975094,81.45396423,-11.36771011,89.61511993,-4.275328636,75.65837097,-11.0221138,72.06526184,-4.507268906,54.00871277,-8.096372604,48.83372498,-2.57801795,38.50870895,-4.869074821,48.83704376,-4.100914955,63.47672653,-4.690659523,104.0789337,2.488783598,122.5561905
Ring My Bell.m4a,5220352,0.394276917,0.099382296,0.073728293,0.00218887,2934.312801,764524.324,2579.685856,191591.7775,6006.535707,2382550.774,0.13980028,0.004810394,2.94e-07,0.00184545,-2.77e-05,0.004242232,129.1992188,-189.2879486,13561.52148,48.84692001,764.090332,-9.044133186,597.6115112,40.5585022,405.4425659,11.97154999,218.8922729,12.73520374,224.6826782,-2.828085184,117.0144653,14.92422676,129.4474335,-8.609256744,128.640625,9.583855629,108.2395401,-8.054131508,172.0418854,5.969800949,130.2617798,-4.457903862,120.3074799,2.664871454,95.103508,-11.77278137,120.5235214,-4.134966373,65.95996094,-8.839706421,105.1353302,0.965755463,134.9571075,-3.361080885,103.8686371,3.177349329,105.6862335
Round Midnight.m4a,4287488,0.254299432,0.093054064,0.075114235,0.001532737,1112.151547,359918.8139,1426.131586,190359.7037,1948.727886,1832843.173,0.055019764,0.001526903,-0.001319941,0.005540723,-0.000703758,0.000499994,61.5234375,-274.2175293,5934.493652,153.583847,1505.407471,0.114831172,460.5483093,24.33590508,205.6355591,-10.34561348,146.9712219,7.308117867,118.2136536,-6.421924591,85.48551178,-11.03564167,76.36850739,-11.35081577,73.11431122,-5.70288229,65.63600159,-4.635495186,72.55050659,-3.28460145,82.21881866,-2.753785133,81.24658966,-3.201917648,69.64414978,-4.093464851,78.70487976,-5.031236649,67.13636017,-3.402010441,63.1258812,-5.695229053,69.04827118,-4.898415089,85.19512939,-2.419840336,84.76049805
Smokestack Lightnin'.m4a,4220416,0.335240096,0.089332826,0.07195396,0.001101758,1910.028376,269741.0655,2002.919029,133250.8932,3864.607898,1276139.117,0.0945962,0.001941133,1.26e-06,0.003709231,0.000153066,0.00100417,143.5546875,-171.9368134,7398.195313,109.48806,662.9802246,-21.15406227,471.6083069,31.42015076,157.0747375,-8.979972839,178.02948,4.85739994,81.73666382,-16.63779449,139.880661,2.411900997,59.01973724,-8.521410942,111.3404465,-2.749145269,56.39912415,-8.456583977,66.89952087,7.4820714,83.71673584,-6.109963894,71.19712067,1.307674766,48.09375,-11.53979874,59.73212433,-0.790748775,51.75273895,-4.568202019,66.18309784,2.310271263,57.75730133,-8.32713604,45.03807068,-0.314484268,41.60147476
Straight No Chaser.m4a,4248576,0.322930545,0.098051019,0.071429983,0.001124689,1601.975379,293501.5558,1662.89762,124600.4334,3687.473465,930670.2787,0.085136622,0.002469433,-8e-05,0.003928941,-0.000689368,0.000787895,143.5546875,-241.648056,5915.791992,126.0965271,1113.890015,-12.15455532,311.4795532,77.69465637,450.1989746,-29.94994545,177.5231628,7.972951412,50.69637299,23.65319633,108.3538437,-19.86411858,92.39087677,8.342927933,79.99313354,-3.575871944,92.46183777,-4.984174252,72.78405762,8.474219322,87.42021179,-5.356360435,89.61155701,-0.886093795,85.95091248,-0.806780994,77.83226776,-0.080872931,69.10481262,-1.08108139,56.67517853,-4.594334602,71.39339447,-0.730149388,72.01422119,-7.61685276,101.4862213
Summertime.m4a,6405120,0.277125776,0.090085611,0.111362644,0.003320989,1772.96527,567067.2518,2136.666356,184806.1954,3570.912812,2865945.819,0.073694602,0.00263935,0.001661032,0.011897952,0.00092627,0.00108757,117.4538352,-177.1611023,5383.225098,115.2363892,998.500061,4.007680416,580.9934082,21.72663307,214.8528137,0.065003738,194.9299469,-1.490414977,108.8159637,-12.30375099,133.6149597,-1.560550213,92.36690521,-10.80390263,76.95812225,0.766627729,91.00883484,-12.60320663,80.64401245,-3.032063007,78.73132324,-10.16026974,93.37654114,-2.722214699,94.29767609,-8.353416443,79.81129456,-1.563653231,76.50289917,-6.330589294,86.9573288,1.379661798,98.33656311,-5.459727287,130.9834595,2.112760544,141.4553528
Sympathy For The Devil.m4a,8330752,0.395173371,0.088873819,0.125289693,0.002216194,2212.56312,493861.4744,2428.579388,168088.3569,4853.032421,2345058.346,0.097088839,0.002684818,-1.36e-05,0.008794096,-0.000214828,0.003874078,117.4538352,-123.4311218,7434.402344,97.82745361,816.6826172,9.455996513,710.1935425,35.14855957,322.1990356,1.378313065,116.1556015,16.55625534,172.4937897,-6.47764492,104.1964264,13.08389378,87.14128876,-12.47824287,94.71748352,7.978716373,82.16266632,-5.174200535,64.68464661,3.6913414,61.9851799,-7.643493652,70.61277008,6.652909279,53.0161705,-3.762419224,90.79233551,8.118171692,95.98780823,-3.113238096,56.87388611,6.600659847,49.93046951,-5.209903717,57.49993134,4.030550957,57.00201416
Talk About Love.m4a,3606016,0.370878577,0.106644534,0.18373017,0.010786237,1410.567626,499903.9507,1923.485106,194438.5808,3031.504497,2883569.164,0.043279714,0.00132853,3.8e-06,0.038909126,8.94e-05,0.002129879,151.9990809,-191.6821899,6553.521973,114.5851135,773.4376221,7.895820141,437.1817017,38.79429245,298.6972351,-0.068975724,230.433075,19.77670288,173.6607056,0.861039877,183.2863464,15.94954681,94.73439789,-2.857637644,90.68906403,8.715437889,81.66101837,-0.067514643,113.3196487,9.607931137,80.73435211,3.638024092,109.4936829,4.018761158,92.43264771,0.630224466,92.62780762,1.247750759,67.2063446,-3.462778568,86.32898712,6.286484718,101.1534653,-2.194341421,83.76994324,-0.973623335,75.72627258
The Bluest Blues.m4a,9839616,0.317543715,0.084208831,0.213083759,0.005553519,1682.969114,496337.3265,1917.666101,305869.7381,3459.63585,2696846.018,0.075262944,0.001472207,-6.93e-06,0.033254828,-9.71e-05,0.006826669,151.9990809,-85.47486115,9204.241211,128.1437836,1399.960815,-9.790347099,782.1560669,33.08764267,200.6984558,-4.06617403,158.3721466,8.946909904,114.5308838,-5.007138252,102.480751,4.403230667,92.69886017,-7.250747204,100.1198578,3.621633768,90.31959534,-8.010504723,78.46772766,0.187201381,75.83075714,-7.328004837,67.79529572,2.312409639,73.55168152,-8.080266953,62.46912003,3.111927032,64.35544586,-6.097727299,58.90642166,0.712143302,55.18058777,-8.293592453,60.6977005,1.723401546,59.72072601
The Boys Are Back In Town.m4a,5748224,0.405636758,0.0791253,0.225646824,0.00322028,2452.840088,433552.2193,2272.414153,190892.8544,4922.415823,1887092.744,0.137818557,0.003095096,-3.49e-09,0.026662376,8.56e-07,0.011210001,161.4990234,-13.20703697,2843.78125,94.01898193,761.2228394,-23.07670212,667.4976196,37.66355515,174.573349,-6.097930908,90.31568146,10.4637022,71.37440491,-8.382470131,87.59745789,8.287381172,52.33685684,-11.37063313,64.30368042,10.85321331,41.97359848,-6.797738552,43.78847885,5.880355835,40.17132568,-8.557109833,42.34978867,-0.157712296,40.01443481,-4.431678772,55.46163559,4.455123901,35.38739777,-11.9822998,41.57231522,5.352694035,32.85607529,-5.54617548,34.55966949,4.998370647,36.4785347
The Four Seasons.m4a,10442752,0.263967037,0.088089101,0.022244953,0.00025243,1863.06054,349348.842,1922.56305,79705.67678,3572.635732,1157033.898,0.104848183,0.00325454,0.002547857,0.000571441,0.000187443,4.23e-05,151.9990809,-334.9098206,13187.94531,91.6042099,1119.162476,-19.51526833,652.5227051,26.80663872,106.9635086,-5.588677406,174.0754395,-1.682303548,108.1802597,-5.253373623,135.39711,5.124950886,105.2182922,-3.027338028,123.1350784,2.9114573,132.0003815,-6.510537624,170.9429321,0.880688429,159.2727661,-0.896778166,176.2911682,2.520484686,135.3472443,-2.113769293,113.7318497,3.544806242,82.5863266,-1.607699275,76.86598206,3.046842813,88.44126129,-2.361700058,142.9933624,1.702088118,155.1849823
The Girl From Ipanema.m4a,7089664,0.286212742,0.093147494,0.129980892,0.003607279,1653.330815,690109.3352,2179.394477,273047.5381,3469.087968,4218885.874,0.056027523,0.002005262,-8.86e-08,0.01638565,-2.66e-05,0.001355952,129.1992188,-188.1078644,5466.760254,113.5797882,1419.637207,25.67505836,615.4555664,28.16864777,316.1931763,2.226041317,168.2138214,13.27969074,130.2194824,-4.023575783,103.4127502,2.75144434,84.88121033,-11.54916,75.96490479,-3.66567874,89.23732758,-6.908683777,72.50292969,5.668412209,64.87454224,-9.391009331,75.95593262,-0.45003897,68.06872559,-6.692968845,59.51749039,-0.826920986,77.99536896,-5.062114239,78.57778931,2.45601511,72.3653183,-10.36368084,68.58848572,-1.905369639,80.87051392
The Thrill Is Gone.m4a,4836864,0.24462916,0.088873804,0.160453796,0.00888316,1352.541717,228491.2978,1435.65156,104839.289,2586.182594,1184269.872,0.067487828,0.001050482,-1.78e-06,0.024166279,-2.23e-05,0.00420561,66.25600962,-176.1503296,6082.27002,142.0197144,1109.921875,-27.75766945,952.5125122,33.31794357,383.4172363,-21.18301582,231.0911102,4.132932186,196.7524719,-5.124489307,189.1412659,-10.53499508,153.6752472,-8.46866703,97.85549164,-3.41811347,99.35894775,-3.695810318,104.8217773,-5.437698841,83.76385498,-5.235817909,102.1783829,-11.53777409,100.9992294,-9.092372894,85.51295471,-4.001274109,79.41343689,-2.542033434,80.35927582,-3.722005129,120.402504,0.032464787,155.4568481,2.581175327,128.6335907
The Tide Is High.m4a,3653120,0.353251815,0.091203533,0.117264256,0.003225642,1965.002443,370219.7476,2020.400627,125994.9901,3923.536094,1211936.356,0.093464599,0.002304016,-0.004676334,0.010890706,-0.002516009,0.002276753,95.703125,-152.2354889,9047.75293,96.49471283,859.2693481,-13.65721321,395.8977661,57.5221405,326.8869019,-5.490882874,249.6371613,0.176802874,118.823967,-8.435164452,106.6309052,18.04380798,95.42858124,-12.11635303,126.9533386,6.961510181,97.18483734,0.140795201,90.61533356,6.912874699,66.21052551,-4.561759949,81.37020111,4.896697998,60.38062286,-7.01523304,73.63563538,-0.365532517,50.27959442,-8.622954369,60.82519531,3.401253939,72.37109375,-5.336375237,61.79693604,-1.635082245,58.55139542
The Trooper (1998 Remaster).m4a,5527552,0.394490331,0.082008459,0.233981594,0.002788236,2054.869349,247714.1899,2310.953606,149076.2756,4552.302024,1286040.872,0.086939433,0.0009508,-3.07e-08,0.030945774,-1.54e-05,0.008848225,161.4990234,-33.5565567,2406.541504,106.935524,533.5651245,-3.455584049,324.3012085,43.1093483,217.6944122,-6.091269016,81.59408569,1.468182325,102.8791351,-7.204151154,66.27906799,10.11829758,72.00349426,0.687222421,57.50164413,11.66691685,59.10368729,-6.68340826,41.55388641,3.835042715,46.22313309,-11.73629189,50.53613281,3.354233265,48.3996315,-8.225420952,69.70590973,3.214812994,48.51299667,-7.414599895,44.92519379,2.949562311,43.99309921,-11.38334465,45.63991547,3.955711842,41.24191666
Thousand Finger Man.m4a,9114624,0.417205244,0.080152526,0.156067297,0.004129454,1837.814328,319471.3299,2119.229359,160109.0776,3849.763096,1798060.808,0.08544036,0.001753199,1.18e-06,0.011073007,3.1e-06,0.008939378,117.4538352,-92.90751648,7538.675293,119.0946198,823.3949585,-9.01106739,448.8776245,25.23330688,139.9522858,-5.204489231,146.6485138,12.76191425,80.63305664,-6.066998959,70.04152679,4.443627357,49.36675262,-4.34939909,49.14337158,4.815819263,50.11365891,-3.740696907,42.06048584,4.677295208,55.19168854,-6.645867348,33.66773605,2.375866175,30.10641861,-5.501960278,34.72429276,5.811271667,34.41994858,-5.039051056,31.59259415,5.172302246,37.10303116,-1.736544728,46.73260498,8.44598484,46.77609634
Three Little Birds.m4a,3978240,0.401460975,0.093281679,0.155832708,0.006574505,2213.825864,1009204.309,2334.863144,419369.8124,4696.245849,4778354.374,0.1025084,0.005922108,1.54e-06,0.020103231,1.85e-05,0.005703296,151.9990809,-141.3871765,8857.023438,92.68823242,1508.907471,-8.5291605,942.2666626,25.49625587,443.9239502,15.00100231,269.6803589,18.19057655,194.2838287,1.137217999,163.9677582,10.48682785,124.8718262,-0.480240613,92.93253326,13.459692,94.58740997,-7.156424999,93.87382507,9.752380371,71.46380615,-2.357361794,78.50931549,-0.583287835,91.96076965,-1.084283948,73.32139587,4.913266182,73.99545288,-7.533187389,68.28250885,3.913779974,65.71650696,-4.49814558,78.28646851,2.408742666,88.6486969
Thriller.m4a,7889920,0.453402042,0.083113745,0.11947231,0.00406047,2639.237396,603715.0271,2653.698557,187553.1551,5757.481929,2911923.039,0.122712895,0.004176146,2.4e-05,0.006715011,-1.69e-05,0.007009645,117.4538352,-103.8343048,6558.967773,86.60619354,916.0473633,-1.83721149,610.5065308,12.38356304,384.4147949,-2.388678312,181.3063049,10.94660664,171.0444183,-7.342926502,129.2837524,5.957242966,111.8731003,-7.166349411,87.61539459,8.70232296,99.65452576,-6.906085014,89.29096222,6.38399601,76.03665161,-6.322246552,65.58208466,5.027630329,59.69113922,-4.484837532,59.06237793,3.97785306,51.45595932,-5.945299625,53.55659866,3.189748764,49.48170471,-7.006121635,51.75993729,5.504156113,60.56760406
"Toccata & Fugue D Minor, BWV 565.m4a",12480512,0.307280213,0.083445325,0.05259316,0.001334476,1482.781914,218619.9829,1686.032695,107575.294,2833.745063,1060737.149,0.102165896,0.002485836,-5.76e-08,0.003309492,-1.79e-06,0.000132126,172.265625,-244.5996704,9504.203125,135.1300049,1037.756714,-15.71947384,306.1887817,13.78158951,108.7045898,-6.65047121,89.98558044,7.762005329,113.8936081,-10.09547997,80.81450653,3.359951019,67.98638153,-6.477615833,76.83737946,1.879000306,122.3144531,-5.591107845,138.0796509,3.759837866,141.5722504,-3.883747339,75.83453369,2.084424257,61.04183197,-4.41641283,70.14846039,2.047108889,72.73640442,-1.910099387,72.75059509,2.962130308,75.4659729,1.593822002,115.4376907,-6.752217293,199.3247681
Under Pressure (Remastered 2011).m4a,5479936,0.375214368,0.091554292,0.154880151,0.00900282,2419.41559,949649.4227,2313.062245,179186.6443,4898.970682,3057557.113,0.131099273,0.00872033,3.06e-05,0.015693365,2.21e-06,0.007803008,112.3471467,-116.0838699,22920.33789,86.41905212,1411.371826,-11.30420589,423.7700806,31.43393898,274.5323792,-1.038695931,170.8437958,13.60011196,95.64385223,-4.538442135,111.6402969,8.414163589,70.11560822,-6.543323994,71.93478394,8.767499924,85.07796478,-5.143995762,62.2729454,4.656998158,58.41490936,-4.971705914,50.61613464,5.914906979,60.37650681,-2.675163269,47.07042313,4.463998795,59.75604248,-2.876462936,44.15330887,3.176204205,59.79799652,-4.566256523,57.77127838,3.443194389,59.69577408
War Pigs.m4a,10441728,0.37853694,0.089398347,0.152206287,0.003906809,2411.806168,532110.0419,2318.273404,124721.7119,4912.09211,1451796.354,0.115415347,0.004914444,-7.51e-08,0.014121446,-5.03e-05,0.006002632,184.5703125,-96.32496643,8293.016602,83.00688934,1206.715576,-9.518795967,497.3093262,44.52719498,256.7982483,-12.90501213,156.138855,5.535985947,102.2718582,-7.99651432,85.32021332,3.286147118,87.76928711,-5.48801899,57.09397507,4.140641689,69.1977005,-7.711838245,53.89491272,7.218488216,50.19457245,-8.587001801,55.10309601,-1.188397646,55.1101265,-6.61374712,51.14655304,-1.358247042,48.47957993,-13.0303154,50.02880859,2.39393878,44.7910881,-4.984882832,49.97383118,2.83307147,54.45510483
Whole Lotta Love (2007 Remastered Version).m4a,7333376,0.435169816,0.08817289,0.115424626,0.003886802,2452.699702,531070.7455,2255.08857,184440.9594,4838.63732,2107814.682,0.124466449,0.004240055,-4.65e-08,0.009687601,-3.44e-05,0.00308834,172.265625,-114.472023,9723.768555,84.02165222,1083.061768,-27.75062752,599.3778687,33.98614883,284.0264587,3.284328222,247.1111755,14.30304241,144.4615936,-5.706416607,125.3842163,6.39346981,90.88156891,-7.86704874,100.5684509,5.79127264,76.40416718,-5.909459114,83.92694855,3.12637043,63.96265793,-7.617347717,77.29896545,4.017389297,72.99224091,-5.067783833,65.82704163,4.452346325,56.28417206,-4.775321007,66.08798981,3.063628674,76.60138702,-8.784580231,50.87516403,1.157663465,58.15221786
Working Man.m4a,3259392,0.32968384,0.090661831,0.110808365,0.001901042,2357.1748,575050.8765,2270.376632,230929.9009,4821.668713,2297190.548,0.120262974,0.003543498,7.49e-05,0.006460115,0.000613797,0.003850441,103.359375,-119.1202393,11195.30371,87.74259186,1064.883301,-16.14576149,462.5724182,29.99116516,181.5821686,-4.109134674,118.1885986,14.86977196,74.23796844,-9.307027817,72.1978302,6.002828121,76.65706635,-7.236220837,77.5344162,3.928771019,80.36116028,-9.757920265,65.15395355,7.472069263,66.43223572,-7.907227993,86.28502655,3.698061466,66.65184784,-9.523126602,45.07925797,0.268697917,58.70508957,-10.62056923,66.4799881,3.739607573,53.55430222,-4.212386608,62.9948349,5.039766312,83.47451782
You Make Me Feel (Mighty Real).m4a,8705536,0.391559035,0.089096405,0.083804347,0.002032639,2731.420504,453742.4446,2861.440808,108881.7932,6323.72835,1539136.194,0.115017514,0.002393249,-3.17e-07,0.002718766,-3.03e-05,0.003793335,129.1992188,-149.0854645,5208.948242,79.30780792,472.2103271,17.55000114,276.1757507,24.18848991,153.6117706,-0.496417999,102.1711731,15.8719635,77.41242981,-5.125740528,62.44013214,9.949464798,61.62001801,-11.51408672,62.35470963,3.262769461,52.48451614,-6.623729706,53.9804306,-0.174663126,40.70144272,-6.711462498,42.3059082,3.227085829,48.74941254,-7.835477352,51.58013916,4.180409908,43.8744545,-5.953326225,45.68209457,2.769458294,44.78089905,-9.400626183,40.87797165,2.031591654,49.36148071
Zanzibar.m4a,8076288,0.411850244,0.087397352,0.167946756,0.008269811,2850.648011,892132.8018,2573.784836,179788.0369,5837.701873,2536520.364,0.137490838,0.005729475,-5.55e-07,0.013938578,-9.06e-05,0.014856867,92.28515625,-87.23703766,12697.00391,64.64643097,1254.306885,-8.641830444,532.7087402,34.70619965,371.1917725,-1.549949527,291.3760681,5.476238251,183.4085388,-7.299959183,148.7026978,5.751646042,140.7151184,-4.961499691,93.10069275,4.718826294,86.72732544,-6.630518436,113.2718277,5.493601799,91.08817291,-7.933531284,87.60983276,1.682585597,92.48432922,-8.246892929,71.06904602,2.320237637,68.0423584,-9.786848068,72.95988464,-0.970799208,64.00976563,-10.25680447,66.0868454,-0.141411513,64.84268188
uploaded_audio_file.wav,661794,0.30428430438041687,0.09124721586704254,0.036320459097623825,0.00017280250904150307,2235.2480118458598,164732.95497865448,2259.0688650826314,67277.53509752595,4683.488333363544,927939.8718143734,0.09937373114849188,0.0010211578117019298,-6.0088686950621195e-06,0.0007004537619650364,-4.728239218820818e-05,0.0003152238205075264,112.34714673913044,-232.95944213867188,1298.657958984375,93.83140563964844,334.45330810546875,-16.19234848022461,272.79669189453125,49.591522216796875,101.67334747314453,-13.951523780822754,86.00031280517578,13.500869750976562,69.66378784179688,-11.832385063171387,45.35232162475586,13.29676342010498,34.203102111816406,-25.82591438293457,45.620609283447266,17.382801055908203,32.73811340332031,-13.318090438842773,24.473054885864258,9.2868013381958,36.62068176269531,-5.49476957321167,45.48643112182617,1.9281359910964966,50.86491394042969,-14.406502723693848,47.97882080078125,2.5930335521698,39.245872497558594,-11.484405517578125,48.935604095458984,-1.23464035987854,84.01325988769531,-5.2070770263671875,71.63750457763672,-3.8731632232666016,75.1207046508789
